x,y
-0.218024528,2.092957646
0.278608907,0.333471933
1.716528331,-0.714727171
1.27532503,1.040657299
0.282983204,2.44970216
0.684182479,0.248057326
0.378634503,0.924268335
1.034199452,1.378219243
0.160630542,1.239696957
0.33477011,0.233966997
0.812097278,2.48473477
-0.236596799,1.130542617
-0.006399358,1.276593055
0.697877762,0.942150148
1.323344426,-0.848805198
-0.302736751,1.597087565
0.233767829,1.920956546
1.895162341,-0.273805815
1.492299,-0.494417388
1.283258553,1.488731602
0.289024964,0.13802126
0.870656147,-0.468969692
0.244396052,2.133203193
0.217569122,1.203124244
2.018135453,-0.079108076
1.548585055,1.164311606
1.509487099,1.727826411
0.68746132,2.368517246
2.321180804,0.74814834
1.684070236,2.32154102
0.645643786,2.327324946
1.593503842,1.905754311
2.563731039,1.376480416
0.652553691,1.120169025
1.600428013,2.527320774
2.38665598,1.488641698
1.059125169,0.919942633
0.252593722,1.492410677
0.262744328,0.949393223
0.641211309,2.53527586
2.396873096,1.447439665
1.555984737,-0.398584337
0.066892906,1.191848958
0.509446386,-0.174161878
-0.321922433,1.244104144
0.444887657,1.564815566
1.036556866,-0.571438223
-0.059215153,1.883724833
0.483016932,1.113136596
2.168919954,0.549705677
2.490957723,1.185748517
2.240638552,1.667927755
0.560643986,0.786398125
2.321421475,1.605180623
0.168494683,2.722125123
1.65313155,0.617007182
0.183861196,0.173638649
0.872697203,2.231521915
1.784206562,0.050087927
0.208710651,-0.78287186
0.678993475,2.218815015
0.747197997,2.118100976
0.863018722,-0.178188012
1.15511382,-0.744438505
1.182466185,0.97651027
1.947254615,2.433012678
1.528391315,0.831199442
0.942797911,-0.095733333
2.046724323,-0.300864937
0.196247712,-0.290465507
0.954106456,0.694066763
1.789643572,0.469681144
0.108652326,0.116272239
2.279720682,0.762941549
1.149890582,2.242955868
-0.154947443,1.268661948
1.863058756,2.19849835
0.964684043,-0.850491871
0.543946999,1.238182174
1.458682371,2.48323641
-0.060332044,0.512318329
0.142214843,0.70018248
0.819237203,-0.95226166
0.234254908,0.288792878
0.409018417,2.062682938
0.301660766,2.833949797
1.484448937,2.690195049
0.101712842,0.269119666
1.483342653,0.471033068
0.868653663,1.364248264
-0.352597978,0.838148483
0.596203083,-0.607837392
1.177161857,1.842013759
1.636154446,0.667732667
0.574502307,2.187246998
-0.680779592,0.472252354
-0.009904104,0.880855149
0.221996609,0.071491958
0.920619988,-0.698114084
1.487839053,2.253413106
0.678622253,1.656766699
0.364140831,0.960611394
1.015018296,1.910455468
0.756828032,1.210026134
1.567365005,-0.376044323
0.767989019,-0.457933411
1.476432395,1.744307848
0.26748215,1.550722109
0.534326528,0.327410226
2.21920629,1.455839373
1.665150699,1.230073941
1.336717719,2.061753253
0.826005199,2.708860556
-0.298578025,0.584609229
0.436450979,0.402115316
1.556119233,2.264266728
1.7421508,1.962307924
0.426983268,-0.686682759
0.169515238,0.137506809
0.62063739,1.101425798
0.817050754,1.706263538
1.881151423,1.869949527
-0.105126886,2.202343533
1.774466537,1.475355919
-0.425215447,0.314945829
0.775949191,2.192641879
2.138910251,2.185640398
2.322568155,0.529989625
1.377292889,1.717205331
1.525353686,-0.705645603
0.30963357,-0.680345149
-0.04272058,0.393657386
0.927816179,0.289577832
-0.520648293,1.296721159
1.740600223,1.630392126
0.420141987,0.035659601
0.161219074,0.220428218
0.505870823,2.640740053
1.034692181,1.190858465
1.410780733,2.455130052
0.531807689,1.069678557
1.17614676,1.204041047
1.971834822,-0.092522965
0.839055824,2.687742611
-0.39411661,1.168237986
0.745079761,1.804680333
2.260590122,1.140826124
0.042148963,0.592468413
1.451203121,0.102028325
1.842507526,1.128153779
-0.40937957,1.597888635
0.143298481,1.988584588
1.698308149,-0.633897917
1.719331287,-0.542504563
0.048889445,0.043145483
1.927080429,0.436938391
1.56768712,1.095477307
2.181535947,2.069047851
1.125397855,-0.881508079
0.03189449,1.009252576
1.455675966,1.133894404
-0.215457345,2.588980052
1.069728499,2.513708031
0.897794343,2.24866671
2.168219259,2.189379796
1.31302036,2.749311122
1.449332034,0.768820704
2.019752272,1.54732756
0.633670433,2.72094703
1.812577096,0.259917902
1.676136488,0.497952614
1.174009399,0.411212058
0.117346573,1.228529156
-0.313604708,1.532249757
0.670555352,2.150471284
0.758314144,1.882277833
1.760175856,0.067177199
1.158705284,-0.79622407
1.790085226,-0.003788925
1.412827078,-0.104223908
0.47884184,-0.00926983
1.521214168,2.644285253
0.598000761,0.877286133
0.604774778,0.539414527
0.372360592,2.691265907
-0.385084548,0.960970312
0.494011502,0.298505171
1.315859565,-0.865493656
1.641864295,2.22015676
0.112738285,1.615268359
1.141108512,2.077283845
0.530962015,0.93975101
-0.169906831,0.452236693
-0.205165374,1.990567899
0.253287434,1.28622791
1.606881277,1.11770136
2.266672155,1.181328165
0.184854849,0.913375543
0.319661812,2.029222614
0.961808778,2.246867429
1.129408471,2.542531872
0.35186793,0.909299407
2.166503326,1.313629339
0.055901246,1.77305375
1.350194845,-1.257820322
1.137380571,-0.259474512
1.655719107,0.99588082
0.453646046,1.582486335
0.804901131,1.891249485
0.103634725,2.780307828
2.443268256,1.100703038
0.779187409,0.987325303
0.05315767,2.108303163
0.738958697,2.451042435
1.342861114,1.38203668
1.570568051,0.587448167
0.801484769,-0.176899551
0.24755677,1.740237873
0.246177142,2.079817861
0.479428878,-0.497395223
0.191919223,-0.022745887
2.130191744,1.615448446
0.096099028,0.285703241
1.497147371,2.380019225
1.555699889,0.787695427
1.758809647,-0.780158517
2.515951246,0.454750264
1.173069042,2.772420785
0.822890403,1.268429185
0.103434389,1.965469441
0.215752249,0.218874203
0.723738965,-0.784081099
1.414504114,0.001065518
0.325230259,1.409327657
1.03765345,-0.619451496
0.215178724,0.917825645
1.245592524,-0.351332406
0.774726885,-0.698523856
-0.230190458,1.167102066
0.219793701,0.391063313
2.013040686,-0.253527011
2.548955399,-0.108496659
1.630883012,-0.347656699
0.621129403,1.741091033
1.549329509,2.686294676
0.231906839,-0.125353355
1.645658253,2.464506255
0.276954865,2.081809537
1.670596806,0.990398236
-0.162357416,0.623402148
2.285809579,0.292346342
1.461409731,0.785186491
-0.05151283,-0.306249625
0.741457317,0.129593902
0.757383107,0.132445451
1.520814642,0.015157436
-0.22854343,1.20586718
-0.238075102,0.781536992
2.155936506,0.38228848
0.160815439,2.551496136
1.827053331,1.120930441
1.31880489,0.597283499
-0.026061091,0.145360934
0.798122707,2.796016974
-0.071177832,1.305228094
0.678080676,2.170140528
0.724594845,2.117863051
0.33433588,1.894940417
0.273778992,2.602507833
0.248895916,-0.502113944
0.481398328,0.08704993
1.577184279,1.859134977
0.16431639,2.173948147
-0.216423075,0.822173887
2.121973266,0.697541391
0.957612637,0.07277091
1.192670247,1.89493529
0.267513629,0.658326064
1.004904329,2.252801855
0.074304385,1.090619485
0.187282769,1.181141367
-0.663960243,1.455922051
-0.361769571,1.761942471
0.063364525,1.756339004
-0.022483712,1.954986761
1.65354604,0.878700395
1.063417688,-0.593920943
1.090555231,-0.899317636
1.326957823,1.591780599
2.301251326,1.726825559
0.202521211,-0.041831406
0.055076468,0.948875018
1.645970929,0.115960061
0.273574789,0.444516961
0.290023647,-0.103211388
1.438619229,0.190672854
-0.018519072,1.171190833
0.396400058,0.370498959
0.918452127,-0.042768351
1.953161065,2.482277537
1.36921393,-0.088207207
1.217419939,1.652381663
1.416062835,1.77886665
1.77410986,0.506779547
0.91502955,1.586881656
0.770559091,2.150091365
0.05866368,0.107428631
1.862094592,0.790049346
1.821378939,1.877238579
-0.003533489,2.42646213
2.480826213,1.408520505
0.532872351,2.249652825
0.928854432,2.58393453
1.671793695,-0.155778133
1.434151285,1.264766474
0.118519527,1.484269513
0.033605696,1.868637945
1.205903736,0.210289215
0.292972108,-0.093442872
1.850280596,1.614103879
0.097155464,0.684345016
1.973644634,1.127131794
0.523684292,-0.533568672
-0.350800221,0.363226496
1.51912123,1.556271386
2.053769064,2.256002971
1.021209918,2.229160042
1.881537468,1.259157445
2.384270898,1.038279427
1.332527648,0.16342193
0.805187315,2.787127235
0.442643106,2.240051929
1.504870325,0.747445652
2.432048796,1.404788932
1.181095691,-0.683673621
0.401842758,-0.648842373
1.735717755,0.12423263
2.041490314,0.211911084
2.388563301,1.810803118
2.213148362,1.882506437
0.852075288,0.667864124
1.888983285,2.352974949
2.36068569,0.694823902
1.484056334,-0.656295888
1.140499107,0.695562855
1.568759413,2.795208648
0.169512228,0.47955705
2.501595904,1.875092131
0.595007668,-0.843398068
0.708116699,-0.0160401
1.347826495,1.533676542
1.656414021,0.846741322
1.472154945,-0.675303488
0.320493907,0.443148208
0.420940051,-0.441215885
1.746079134,2.592040262
1.406925847,-0.386316908
0.99974909,1.538371683
1.654986611,0.929842438
-0.184784194,0.825165848
1.523883004,1.018483195
1.281835055,-0.473031927
2.028263994,2.044537227
0.536678578,2.03595174
1.486600457,0.717904303
2.185731969,1.108088487
0.686892113,0.996054775
0.736278558,3.04607442
0.419606766,0.850194651
-0.653038576,1.094653504
1.721884152,0.287456104
2.449018336,1.26660081
2.281677578,1.085408421
1.413248982,2.071236382
0.299869843,-0.769322737
1.307889325,-0.649608816
0.628945341,0.953470498
-0.050638819,1.296192994
2.564864299,1.199869804
1.128957812,1.287530981
1.43141062,-0.775165823
1.036830239,-0.624014905
2.837620267,2.108174906
0.828301168,1.272730583
1.639181988,-0.093861452
0.35801693,1.588176941
0.713496354,1.709424801
1.000392866,-0.471789615
1.190643194,1.205466026
2.620913046,0.545024171
2.431632795,0.220556201
0.894902643,2.7265096
1.179015616,-0.506354144
0.01851052,0.82462231
1.623952491,-0.306840887
0.47208325,-0.039372768
1.514994369,1.618363092
0.932070839,2.530781614
1.641636598,-0.01934911
1.257576262,1.593262375
0.284304474,0.186114638
1.689574756,1.479447096
1.617245109,-0.271855886
1.205489571,2.027626373
0.657119094,1.983093541
2.051140252,1.50446455
-0.127279104,0.898432693
1.238808523,1.437806086
1.064699674,2.027313801
-0.058686648,1.655691942
1.723760336,1.189675189
0.963156161,-0.745896546
1.14100644,-0.142868463
2.00389462,0.902413667
0.338724616,1.804143408
1.160040629,0.164462651
0.953005304,-0.874145265
0.510871653,2.199616476
2.126066846,0.207795168
2.004634855,1.638887738
0.028487408,1.133459595
-0.071872154,1.26890769
1.134223828,0.328312241
0.2939249,-0.316188362
1.2911676,0.024207929
-0.270278452,1.112800445
1.197617016,0.813123276
1.497068007,-0.346937253
-0.473053426,0.683950716
1.944443352,1.775991564
2.052217251,2.184703954
0.45190832,0.230392239
1.114250783,1.322684874
1.038109945,-0.513829671
1.457079754,-0.897322425
2.223423217,1.44422949
-0.252617319,1.283084067
-0.332338471,1.811902722
0.024774845,0.003719475
0.252992354,-0.295904203
0.362884674,1.20397421
1.803482056,2.667079713
0.034951989,2.175302386
-0.104026953,1.892880576
1.332413741,2.343464644
0.462997972,-0.566673001
0.151361059,1.028973093
1.226869578,-0.084840295
0.764244144,-0.39929729
1.734361017,2.734967863
0.427118974,0.270396344
-0.115074425,0.418955528
1.766839297,0.16606815
1.171091916,1.289478483
0.789525823,-0.369478751
2.100922099,1.878857963
0.456045813,1.199081413
0.370474479,0.600114455
0.477723979,0.268194618
2.182641924,0.050685048
0.854121689,0.407688555
0.754166123,2.944817637
0.847853908,0.411004105
0.147082023,1.186325777
1.806627659,-0.558092473
1.67283952,2.694034833
1.898697901,0.138026931
-0.404289014,0.571254982
1.227964354,2.555117658
1.867979106,-0.373305447
1.648941224,1.50877242
0.375213343,1.961402324
0.293247277,1.533182804
1.763802311,0.619929243
0.32840794,-0.492089346
1.478174447,0.0420491
0.938623498,2.608925156
1.409946996,2.658890886
1.990109058,1.891253778
-0.08564176,0.445214253
1.023663592,3.057672986
2.269278891,1.922036936
1.93848284,1.398248918
2.027301791,1.457506732
1.859458133,0.702006758
1.311749534,0.830109181
-0.30277258,1.431590144
0.975954345,-0.288047173
0.171790698,1.184466517
1.619308794,0.787838676
-0.405025711,1.030414914
0.102893457,1.104190095
0.629359373,2.263178108
0.534973285,2.388044245
0.970106917,1.108910534
1.776029233,0.795576897
0.790299195,0.808820905
1.512150167,2.330212267
2.264855698,0.096066106
0.629545231,-0.063257685
0.015026991,2.161689041
0.520950759,-0.685295342
0.30922052,0.357863497
0.057741826,0.8581382
1.804867879,0.864190629
2.294950836,1.818172189
0.584166171,2.437978878
-0.251164117,0.260839473
2.084561874,0.946520417
1.002874203,0.725758065
1.691953791,0.992003955
1.454680667,-0.528868239
1.230619879,-0.157001036
0.825952978,1.302564833
1.73367231,2.094392229
1.044119907,2.576930701
0.795820605,2.422884319
0.846672182,1.547480573
1.122191162,0.383476199
1.166547681,-0.754119453
1.974026377,1.152040248
1.058241483,2.516989887
0.384310154,0.233341301
-0.184575547,0.414558914
0.993223273,1.300135174
0.572834375,0.685535622
-0.191797081,1.779299162
1.368596924,0.742261529
2.160002513,1.382291011
2.033600692,1.222246135
0.039171159,2.296964988
0.327584943,1.691825128
2.112588769,1.292798498
0.169198407,0.332001678
0.643027327,2.818380929
1.860773198,2.656855212
-0.014045566,0.092786247
1.828148771,-0.707214072
1.731878319,2.349747589
1.496706378,0.952172816
1.638698412,0.824284705
1.146234439,1.210726304
1.524027442,0.220383069
1.673069813,-0.439659903
0.87016951,2.871842615
0.218414166,-0.274084636
-0.039835718,-0.402033852
0.306615921,0.586602016
0.68891196,1.786437227
0.421993598,0.818398919
1.573272978,-0.269433941
0.026596938,0.102192538
2.337123539,1.624862413
0.66384455,0.136214455
0.488920708,0.455792761
1.781967085,1.575941242
0.619495732,2.396229252
2.034452558,1.436467251
1.019409403,2.379961028
-0.120564751,0.772706224
0.413369148,2.504895097
0.622669641,-0.639580199
0.971813573,2.263663526
0.245721264,0.506918146
-0.055203656,0.614088264
1.4981783,1.963777298
-0.360763872,1.121579617
0.330456539,2.480545933
0.546067443,2.37344288
1.829851863,-0.642070068
-0.0429498,0.890354523
0.589982767,-0.084740451
0.010561502,-0.010256944
1.791442233,0.608111594
1.447091936,1.806342501
1.432273503,3.154562283
1.35104615,1.066972637
0.574774259,2.054914514
-0.148644797,0.246906758
1.074663187,1.981624108
0.91131401,1.542199736
0.043430379,1.637515131
1.243697226,1.900275885
1.4302903,0.866698399
1.004865433,-0.154321971
1.099798269,0.312661629
1.027870196,-0.743413827
0.988189716,0.729713522
-0.088453456,1.792488926
1.829350082,1.365248565
0.351948145,1.762975676
2.305377645,0.743805812
-0.095088106,2.206439964
-0.012258857,1.874922803
1.584011911,2.399305568
1.233371647,0.925400896
-0.013380948,2.196100531
1.375835748,2.429623095
1.832500193,0.854515092
0.927497327,-0.350625412
-0.104929037,0.742266875
-0.249648462,0.413502716
2.529003948,1.624642908
2.160567322,0.408254164
0.268743816,0.983758389
-0.049282813,0.743298133
0.995190466,1.535953988
0.33413099,0.199724722
-0.711740406,0.665489199
0.364141865,1.136618483
0.0845036,-0.444633258
2.595984092,0.134614493
0.329419145,2.281571943
-0.051267174,0.595691171
-0.236748194,0.164098541
-0.345117287,1.060636879
1.058676388,0.212486525
1.935021759,0.294013747
1.20372083,2.392244708
1.380476463,1.975952279
1.672324385,2.215443212
0.445447699,1.351611652
1.81033975,0.770455459
1.53261604,-0.833744541
2.413522107,1.070893108
1.632067638,-0.667033904
-0.086691224,2.087604652
-0.261884053,1.579260478
1.496287499,2.967318867
1.32285286,2.616404953
0.543265542,0.200720084
0.007268117,2.021578738
0.111462165,1.268526095
0.737213447,1.607675133
0.594705122,-0.565205487
1.949199594,1.41120985
1.185750457,-0.194745988
1.530399682,2.105499366
0.610436055,1.034618135
1.688403282,1.458683132
-0.118158445,1.819712192
0.934531503,-0.032778942
0.297599371,1.67354383
0.95726778,0.101429666
2.248138952,1.220007006
1.465388288,1.6327948
1.27444812,0.608417318
0.378614458,0.221754974
1.596517052,0.123618452
2.232228067,0.205245461
1.314443211,0.532319503
0.813183926,-0.748054558
1.707765622,2.379727155
1.764169211,0.827050324
0.435285796,0.877966587
1.976193788,1.031682843
0.304906475,1.219855399
2.283849578,1.550508597
2.390953834,0.094184924
-0.271775156,0.676828489
1.061330106,1.850907237
1.730281061,2.626195167
0.847324141,1.05208306
0.278841776,2.373370238
0.359189804,0.28042659
0.469780664,1.491523317
0.069833696,0.987776138
1.683417897,1.769632023
-0.161628755,-0.016045576
1.199255249,0.826281128
0.438961691,0.886503564
1.29682041,-0.980233983
1.881202995,0.420364215
1.351218868,-0.221299646
-0.501517287,1.578864356
1.117381787,0.421753405
0.730629982,-1.065752906
1.042303969,0.866506207
0.622124529,2.197059463
1.638761385,2.309921749
0.106644331,-0.176985659
-0.089691663,2.180677545
0.621788501,2.20316128
0.39087052,1.830888406
0.595686468,-0.198977155
2.380207024,0.129001924
0.415093034,0.139054784
0.913023951,-0.160903963
1.829615971,2.209430876
1.135904697,2.476829043
0.19113916,1.107700811
0.860283248,1.69213687
-0.130968117,1.508135086
1.445359411,1.528319172
1.780407046,2.293694742
0.528720067,0.098338443
0.503154937,1.122962261
1.154456127,0.838521876
0.385535986,-0.336982086
2.413187093,1.025807732
-0.10274192,1.67082566
1.12870442,2.463154918
1.088325685,-0.980254156
2.130798302,0.385266821
0.90321075,0.04020371
0.96067993,-0.868865755
0.1804907,1.89644592
2.182413329,1.769882108
1.964960147,0.778296427
1.973070597,2.71940236
1.162727101,0.12362341
1.884932251,2.547225509
2.063584078,0.015405386
1.152672754,2.254249264
-0.413213705,1.517369561
1.329596294,2.44582573
1.403540417,-0.252283686
1.514028809,-0.719898767
0.090923894,1.11801499
0.095259553,2.217842712
0.545086759,1.614497314
0.442427115,1.165752098
1.911927076,1.760682569
0.114029253,1.681907265
1.457684906,1.841476031
-0.415506577,1.4406598
0.601819952,0.939741698
1.805546548,0.70609121
-0.247731114,1.97559483
0.615556383,2.538205505
1.599075943,-0.116620396
1.115675386,-0.503725081
1.0771609,1.464151916
1.635883693,-0.711198631
1.895871261,2.227760162
1.71011402,2.45899978
1.77083084,-0.057934694
0.774289526,1.942614406
-0.101932588,1.076446735
0.619385866,-0.934032314
1.582319939,1.631401314
1.266569676,2.437485233
0.372863622,0.971786249
-0.519703662,0.170131237
0.612841156,0.664815413
0.668850311,0.805199859
1.325780937,1.335650619
1.35517355,0.080662381
2.111142176,1.228842131
-0.079705794,0.989242666
1.332523936,-1.035764581
1.942959523,1.138058624
2.059149882,0.523102153
0.021324241,1.505454907
1.489259195,2.41992039
-0.362098362,0.532760357
0.152117757,0.927226481
1.680858161,2.486266946
1.48382072,3.257153653
-0.00464484,1.220815578
2.254067397,0.363093869
0.121647212,0.482379169
0.094237282,1.296790989
0.685217756,2.547230624
1.515488806,-0.609074494
2.187465888,1.443481142
1.073081025,1.511758123
-0.106665736,2.090537617
2.00787289,1.945731517
1.923319507,0.832285067
1.200082214,-0.596128219
1.796746976,1.218268304
0.201928532,-0.231949488
1.806145612,1.482503205
1.308320065,-0.727059748
-0.846620475,0.862433504
1.688437899,-0.027183358
0.380306544,1.681167811
1.773645851,-0.81654335
0.581264755,0.185916548
2.151385065,-0.1383038
-0.503886931,0.726304759
1.16744809,-0.938925963
0.294855862,2.400179864
0.693819516,2.340688842
1.890178225,1.178073775
1.590212292,1.627434486
1.029681519,2.55012048
2.704786855,1.12454938
0.057730105,1.176153213
-0.055898878,1.175626044
0.755097805,0.225036793
-0.099273563,-0.457658118
2.384604298,0.025532708
1.006739278,0.724131024
-0.051147569,2.038141324
2.06699923,2.160121995
1.196739899,2.843952972
2.41896499,0.048238748
1.191507382,0.813558076
1.921055513,1.985104666
1.165864644,1.528076461
1.511050335,0.198883232
1.898910939,2.287376972
0.112412967,2.45907344
0.633855276,1.902688594
1.737854407,0.940740594
1.741713182,0.4052767
-0.146046955,0.866400912
1.581510793,1.163753201
0.92622422,-0.329526705
1.60629524,2.4138101
0.561256974,0.310007308
-0.308082415,0.108625527
1.93326426,-0.160344137
1.466164673,1.325024513
-0.519849903,1.170993019
0.300498465,0.51744789
0.657615452,2.775823963
0.862501809,2.708649169
1.492409853,-1.000376144
-0.177893954,1.436126508
0.740704289,1.96204058
0.617437441,-0.171412146
1.800840657,1.479711745
0.679784741,-0.534056697
0.542706407,2.054411698
1.67430591,2.093699146
2.518058497,1.470810093
2.353037318,0.152523804
1.256616158,1.404115353
0.67655296,0.546675424
0.135359029,-0.324008396
1.635595198,0.108991301
2.076391336,0.581001577
1.59405177,-0.301623094
-0.147690185,1.502070007
1.71566376,0.777800313
0.135050028,2.294388947
2.050148034,-0.895694604
0.157653829,2.251492781
0.050963869,1.234810969
2.027821089,2.123588013
0.254549722,2.393508541
1.642389332,2.066709572
2.094743457,2.472984071
2.21347325,0.371161021
-0.355238747,0.259394143
1.023316339,-0.345947324
2.030872721,1.873327942
0.720292795,0.059758986
1.938055556,1.400737848
1.116237691,0.82481611
0.969453123,2.041413353
1.046885135,-0.500881369
1.540429483,0.130994513
2.40260125,1.594988974
2.207285978,0.727397496
1.465481515,-0.609026652
-0.363093381,1.845866608
1.323242403,0.838848426
1.519462822,0.188601244
-0.124804661,0.67326104
2.202344688,0.167970712
1.052398042,-0.57365273
2.414715681,1.808781416
0.708929904,2.384254505
-0.525034922,0.326592116
2.269819737,2.065597161
-0.416310791,1.181913666
1.905978345,2.316138329
1.948323577,1.094190721
-0.048449299,0.697132503
1.433429708,2.540205253
-0.024261982,0.09861812
0.412168424,-0.130672491
1.135097503,0.389067933
0.160432202,2.222820736
0.519276729,2.640668578
0.037190641,1.186464365
0.401452982,2.297344613
-0.373755785,1.378654867
2.241924866,0.58621236
0.912092425,-0.971257319
1.967947698,0.373408245
-0.227717111,2.428180397
1.443316307,1.022432413
1.51530545,-0.265266345
0.091954945,1.067509419
0.748075959,2.148344498
2.108118872,1.164998249
0.694883444,-0.81380552
0.273508435,1.800990841
0.897636989,1.999090457
2.13826568,1.873057257
1.494772557,0.447461769
1.552428673,2.371716395
1.96846251,0.557552433
-0.165571698,0.640054017
0.189320505,-0.006789182
1.844826648,1.757256424
1.048203403,1.185472334
2.172111685,1.783772907
0.231473276,0.51630473
0.250060845,-0.837272404
0.570470488,2.9154644
-0.06068438,1.609245255
-0.0057944,1.905418823
0.402606658,2.376221196
0.481865209,-0.539904824
0.237180481,1.231169462
2.146848041,1.425014387
0.900890629,2.744521715
1.146983315,2.799521406
1.503467992,0.427989976
0.197976179,2.112637624
0.575270159,0.523712648
0.232329089,1.689667383
2.110491872,-0.079217789
1.953445428,0.991573948
1.364526184,1.704658049
-0.191860627,1.919582136
1.119528356,1.990348389
0.202548592,2.427220145
0.201861859,2.631047843
1.990939246,2.023657049
1.018186991,1.560661214
1.498045687,2.718217027
1.052038414,-0.102567683
-0.459431354,1.020780448
1.485383655,-0.128709777
1.703592172,1.209010441
1.651114544,2.297351003
1.481029486,1.544045213
0.481679931,-0.74050871
1.599268312,-0.526665267
2.117354754,1.357053186
2.177358774,1.283241833
-0.286653284,0.808766031
0.374369103,0.266419736
0.453917399,2.809475948
1.254312847,1.098714134
1.767684448,0.016126458
1.981011308,0.949161965
0.83425648,-0.214689153
2.518173483,1.552825394
1.433655647,-0.599368828
-0.303838673,0.783767631
1.377980696,1.825575692
0.382127447,1.963347691
0.261075007,1.42746763
1.313105108,0.840624475
0.743407011,-0.46853389
-0.137035713,0.312873547
1.212361408,0.856730045
0.600202059,-0.095076705
1.172844103,0.811995018
1.578766144,-0.811577812
0.767053462,2.834606091
-0.258170096,0.93074106
1.217913381,2.321178814
2.056493667,1.686711257
0.331922084,-0.256997893
0.539046529,-0.290706765
0.086018772,1.439895483
1.907691985,1.667201348
1.649381182,-0.36736359
-0.028302603,1.654647166
0.167424637,-0.111180388
1.600852471,0.830603408
0.561282691,1.141666424
0.452759164,0.106505683
1.165260405,-0.591908125
1.959944105,0.594910093
0.301844751,1.274378532
1.463134203,0.400896579
0.923794969,-0.0734423
2.022551994,2.081105927
1.227719316,0.997313915
0.64436065,1.185441921
0.987126958,0.113440293
1.985105924,0.602362652
1.452018922,1.963009863
0.920281076,2.401821732
1.277479511,-1.10070429
1.842258623,0.694590773
1.630502595,2.566405793
0.407546232,-0.031893061
1.26589006,0.944681911
0.683286631,0.703036929
0.657095134,1.426812565
0.515796267,1.213676129
2.444586452,2.155584997
1.505755223,0.449568327
-0.222414655,0.402922749
2.49217981,0.905010591
1.91054841,-0.607958101
-0.402631063,1.474295913
0.034528174,1.332816919
1.233793694,-0.346406311
2.70110751,1.859310985
1.770194628,2.881135273
1.276115767,-0.909446177
0.50282268,1.133585708
1.560730649,0.135003953
1.240932179,-0.50198257
1.131745748,2.874038181
1.482204416,1.470781478
1.891777546,2.618901369
1.240134073,-0.803172971
1.528498467,0.160771026
1.309827954,1.784524302
-0.178838834,1.413064729
2.183630793,1.112241001
0.574073873,0.168689448
0.918567836,0.21180412
1.679683358,0.598491465
1.552204928,1.8460507
2.572623784,0.809480158
0.534370241,-0.529079344
1.600638578,1.005814052
1.628837641,2.288599658
1.48899007,2.473086785
1.757778994,0.536613153
0.44755344,1.006553297
1.274795211,-0.812228163
0.942255284,-0.024330216
2.44281793,0.251559714
0.945083889,2.195477371
2.521734297,1.482625725
-0.012084815,1.416966922
0.979586551,-0.569119202
2.070063001,0.042301024
0.459545267,1.834332404
0.905439544,1.697410365
1.813325353,1.856007915
-0.450784276,0.812999442
2.085599222,0.739396169
0.852514542,1.814560559
0.358424876,-0.3952031
1.074107011,-0.305737471
0.730839075,-0.820773014
1.989032257,0.726454285
0.81751815,1.22390247
2.203033927,0.028999961
1.329949603,2.112174902
1.918665695,0.179198025
1.877956104,1.793947862
2.342895881,0.946156815
0.376182112,0.068601143
0.773302696,-0.95239388
1.223720794,2.217632128
-0.410576922,0.918466424
1.391785568,2.137171238
-0.067235601,1.38728986
1.606153983,1.013434021
1.083244595,2.211404639
2.246206517,-0.210641994
2.257196223,1.784727819
1.29733862,0.821889733
0.975033658,2.76882206
-0.36360444,1.470507675
1.373480935,1.27628134
0.776899442,2.331918379
0.476689312,2.523572763
1.410328397,0.386610606
1.97343957,-0.581770053
2.373984086,1.084531217
-0.05987447,-0.251965586
0.587776618,-1.010442979
1.672822512,-0.222285883
0.131965676,0.627615661
0.091288058,1.656283103
2.17612574,1.340819706
2.100967334,1.95461364
-0.142770831,-0.116907185
-0.128261372,1.463336853
-0.49787881,1.990889606
0.776184374,1.633169796
2.108053246,0.397004367
2.411910139,0.897663331
-0.145060214,0.105803447
1.20183194,-0.540398568
2.106209807,1.232705193
2.002502274,0.74635703
1.358589862,0.509308811
0.690137875,0.193958708
1.977898096,1.533743215
-0.454740308,1.80753616
1.518255771,-0.861158541
2.226757342,0.793713318
1.609096101,0.903197434
2.349246253,1.574213414
-0.495741614,0.906414584
1.641038845,2.167577466
0.315170343,2.46752067
1.464385222,-0.684817764
0.141194227,1.609302362
1.125098449,2.91304927
0.488185343,1.420892857
0.682193613,-0.711868315
0.386803228,0.553780083
0.746998773,1.032571216
0.396333449,0.296863764
1.246379143,0.771865944
0.042566603,-0.384740496
2.003313074,0.163480931
1.958873092,1.23712664
0.299512764,0.210625931
1.166609433,2.832152229
0.35503411,0.615830186
-0.085609116,1.834862406
1.631490824,0.323662202
1.436401536,1.742707856
0.499317115,0.037299535
0.002777263,-0.481459654
0.132701104,-0.415182974
0.591658274,2.208319076
0.484002799,1.197398323
-0.235380943,1.111353639
1.700765154,1.310171071
1.454312163,2.050204136
2.189714206,0.891574784
0.377263604,1.432046641
1.255633212,-0.183375377
-0.340011985,0.882157028
0.505883469,-0.674388623
1.835244161,1.914931638
-0.58498506,1.197668114
1.424490818,-0.319055139
1.330595092,-0.464911658
1.682818355,1.867293985
1.523715948,1.884532314
0.883039161,-0.223761882
-0.253070534,0.839965299
0.394947549,1.775323174
1.811136281,0.752766118
1.081105611,-1.026233241
1.62452333,2.719098599
0.965465715,2.698494925
-0.252506384,2.671880752
2.327029895,2.104669334
0.699743896,-0.579863286
-0.083480752,1.117904165
0.921635926,-0.318343535
0.513807861,-0.633432363
1.391133574,-0.490978071
2.003199667,0.348883483
-0.011146077,0.753643078
0.757745476,-0.025705558
2.199651735,0.233609234
1.214009108,0.261477526
1.80560831,2.084287762
0.719243449,1.824750806
2.204855632,1.122610851
2.125930255,2.096112335
1.919213384,0.317524348
-0.169273353,0.934062234
1.420350232,2.689216153
1.277754497,-0.389782641
1.450628827,1.427250274
1.909091557,2.372406292
-0.165438203,1.225519299
0.452525631,-0.38400075
0.006727707,1.305032925
0.756919579,1.625118198
0.469344679,1.997415778
1.283856788,0.14020087
0.190977177,0.524999858
1.519769172,-0.053784951
0.541584218,1.962240561
1.445901531,0.98095645
1.342214247,2.772522949
0.904458306,2.795828151
0.240516665,2.132986357
0.521219889,0.359336955
2.297022116,-0.304680758
-0.23703409,1.27272247
0.067906032,2.475686868
1.918575239,-0.445415881
0.353472178,1.295719753
2.354293505,1.989138788
0.98710909,0.926032116
0.460492918,2.091452079
2.447480492,0.930894799
1.228232672,-0.305128638
0.501434488,2.467331754
1.262594963,1.127798973
2.220085296,0.749585668
2.091522535,1.055735348
1.481929254,0.743077378
2.080447934,2.101382028
0.816895201,2.771245127
-0.104728497,0.961712658
0.75645584,2.748279147
0.902155873,0.103875307
2.139157856,1.542089129
-0.082066353,-0.093755357
0.61139619,1.435772533
1.239372981,2.070136851
1.075263928,2.03233269
0.981515896,2.229336712
0.53094258,0.475129399
1.373647956,2.520950401
1.048894128,2.332618156
0.664242438,1.969963724
2.127695767,-0.249583617
0.585297793,0.788404553
0.908114717,0.631256646
2.103811945,1.37879835
0.944794053,1.343521427
1.132764478,0.376529838
1.859997108,1.707416646
1.514729692,0.11097093
0.415750606,2.464968539
1.441058865,2.307850106
1.857598625,1.389498322
1.025325361,0.209656056
0.64546521,1.300010871
1.554269714,1.027068503
-0.22004032,0.092985667
0.626528011,2.563110132
1.967883975,0.797208034
1.497019692,-0.59045929
2.213601529,0.509516417
1.758270733,0.680433838
-0.33312164,0.955380199
0.719749093,0.211359646
1.482772359,2.853578939
1.665052832,2.176296798
1.960341427,1.336963045
1.254517002,1.817480094
0.72994627,1.709102334
1.913890838,-0.185360763
1.482823398,1.322017929
2.31176781,-0.355744701
2.127255147,0.615527674
1.182536051,2.89585956
-0.104057493,0.848665084
1.452149958,0.038104743
0.867998314,0.649269394
2.686696063,1.179957986
1.984573533,1.963021974
1.355635146,2.747920105
2.263832725,0.735003912
2.048248957,0.247283424
0.17621699,1.698663634
0.255414862,-0.198889392
0.815279447,-0.229012248
1.373875888,0.267943097
1.640603748,0.607412473
1.921641088,1.311784491
0.023465344,0.827633501
0.509169982,-0.485383975
1.721665458,0.689632521
0.970065499,0.102691735
2.253955088,1.998135159
0.653508117,0.887266293
0.065117818,2.070952471
1.94113352,-0.516797628
0.725507087,0.714851638
2.303529182,1.35841028
0.052331765,1.155225744
0.964431351,-0.975972985
1.319069636,2.255179791
1.506084905,-0.066568971
0.728248654,-0.248260037
0.061565051,2.054466309
2.008448659,1.192696754
2.169826661,2.383689739
1.498245859,-0.767607209
0.839186614,-0.279473443
0.042858342,0.260628653
1.776430251,-0.196451889
0.991140892,-0.862683839
1.382799472,2.600931431
1.86337972,0.229775055
0.167653928,0.42610753
-0.160470044,0.123061016
0.261008013,0.390794572
1.968570522,-0.151735624
2.089031998,2.390118368
0.521201515,2.290579581
1.269019117,2.728662689
1.632762719,2.862419097
2.029164296,1.411122344
1.186789195,1.188144781
1.585020634,0.276388108
0.238320656,-0.357219241
1.964606369,-0.244092028
0.89951138,2.863035829
0.417099387,2.725796747
1.660747847,1.011382921
0.821371697,2.284830644
-0.212302339,1.189582476
1.228734761,2.725665257
-0.086710134,0.450884107
1.081817749,1.782336565
2.103129404,-0.576777211
1.620947238,0.915099279
0.695163437,-0.054853915
1.659289829,-0.165989526
2.537773871,1.668681747
1.224142582,0.783772772
2.078171976,1.172934257
1.239337483,-0.724008629
1.516896588,-0.387133112
-0.320866508,1.04749255
0.36466129,-0.643375638
1.139367511,2.033521507
1.479906225,2.727637368
0.675388306,0.927236971
1.958355225,-0.304204199
2.529631533,0.967826245
0.152894394,0.27853285
0.502856652,0.749688073
0.921955433,0.056981653
2.223568346,0.50661396
0.014176271,1.335643031
0.34678008,0.509240978
1.658968904,-0.4489362
1.188413636,0.024473326
1.424165017,-0.632851888
1.936874732,0.825341498
0.475824002,-0.567650932
1.088367313,0.080784712
-0.327354156,1.863122258
-0.039101223,0.562400711
2.225859479,0.521195218
0.368985267,0.215353815
0.353703354,1.446615454
0.938933718,-0.077564153
1.494066211,0.935240679
1.508592427,1.77036888
0.684487254,0.244548369
-0.144045796,0.638535821
0.3701108,1.348349047
0.082930197,0.628674222
0.217376406,-0.144228529
0.287769672,0.629963605
2.032952942,1.919449263
0.243227238,0.783124649
0.295503456,0.14693643
1.533719124,2.414714266
1.212649349,1.007451275
1.253661075,0.693598182
1.060209064,-0.375580728
0.61432371,-0.29671904
0.646045158,-0.649228672
-0.19870644,2.380689923
1.275760331,0.470311279
0.427266839,2.513600227
1.318354385,-0.827457475
-0.109164899,1.557451804
-0.298474196,1.129469601
1.050666595,0.01980045
1.056103728,0.892318643
0.005881227,0.223345412
1.194426943,3.080198249
1.846658545,0.258268361
0.56030312,-0.709305137
1.861941298,1.577535653
1.481320199,0.884820405
-0.007771535,1.863056767
-0.296134153,1.667063194
-0.341189445,0.236677798
0.866837946,1.925868283
-0.307649778,1.684209904
0.871547396,0.569340687
0.714513084,1.527099156
1.630191012,0.672017005
1.596445318,-0.302537613
1.128876076,1.926350186
1.18544608,-0.684068367
0.852681354,-0.82377611
1.552673413,0.203359149
0.827969405,1.46730967
0.209569818,1.757847018
0.081216904,1.61327314
2.04208209,-0.064962503
1.948999394,0.233566224
0.893843485,-0.590500159
0.986966295,-0.316706699
2.213152629,1.729850894
1.22822526,0.482950028
1.389502514,-0.900649951
0.586875085,2.109827411
0.879312356,-0.742613738
1.193706458,1.168752329
1.380800035,2.037149768
1.245408288,1.979028962
1.091185727,1.521745844
-0.493985991,1.344800738
-0.534416319,1.197155174
-0.021397332,0.992850688
0.88808557,-0.196284358
0.951497323,2.020503483
-0.52527302,0.429935102
1.117491166,2.15964089
0.691462165,2.795553342
2.003163806,0.230688126
2.342669235,0.65488766
1.942335884,2.145442819
1.780558659,2.680942708
0.864697492,2.107516705
0.715578838,0.708555638
-0.239191654,0.45022255
1.990436756,1.592624492
1.912338482,0.686282973
1.992838421,1.484003822
2.076995227,-0.083882939
-0.203960884,0.537658929
1.992420256,0.272506523
0.656483006,0.760110112
0.816547943,1.261970253
0.164857849,0.480888983
0.138690342,0.608236434
0.743297416,1.254570529
0.542937354,2.390771323
1.005538803,1.032101777
0.949711702,2.077844562
0.722586357,-0.511881052
1.414746052,0.201782025
-0.336934857,1.743892158
0.093293823,2.146961402
2.13717917,0.496735667
-0.275089931,1.847570939
2.036584231,0.259929587
2.250663312,-0.0600999
0.525515166,2.583652425
1.035068934,0.369151742
2.237982989,-0.027254226
0.84340501,-0.469516919
0.696065893,0.618534944
0.636662643,0.702442344
0.137093496,1.378336606
1.062869469,-0.536936974
1.695188629,2.140909647
0.283685791,1.990486128
1.834682313,0.525142972
0.744835462,2.083496545
1.838328997,1.721836413
2.589299607,1.425493002
0.282523992,0.183972178
1.23713891,-0.068596776
-0.105736284,1.857259916
0.250850454,0.180288
1.616675527,-0.685405623
2.31331272,1.501272621
1.447651105,0.924129081
1.690511222,2.537946059
1.79049608,1.756746292
-0.26740608,1.914084389
1.551358623,2.726123554
1.574352476,-0.475295688
1.539678027,0.450354616
1.564202548,-0.544292079
-0.164252093,1.022440574
-0.311329065,1.520752379
2.093575347,0.703631913
0.584210633,1.944122437
0.694926703,2.673919324
0.262417907,0.278889767
1.548291994,1.674765014
1.124512302,2.930934892
1.390777516,1.576935466
1.543573029,-0.40149514
2.192602347,-0.099567153
2.129302515,2.069084342
1.110929603,0.979191739
0.143401072,1.28709769
0.37088273,-0.877105118
1.631648036,0.377232514
0.723869778,-0.538185102
0.906488205,0.065932765
0.601673412,0.805304793
1.719817797,-0.662289882
1.205972129,1.946074682
-0.348650408,1.217538756
2.356553039,2.08418612
0.805349324,1.712741079
1.952654016,2.41675986
1.613474437,0.327538726
0.655958337,1.79496261
1.755509135,1.699026223
1.928680434,1.252374435
0.623916321,-0.386915062
0.334230367,0.852857828
1.93487394,0.701408873
0.734327605,2.560493795
0.812544495,2.846583937
1.25870474,-0.755208626
1.941017063,1.402151332
-0.065164539,0.229668559
0.303989184,2.233227326
1.23774835,2.259511313
2.350936912,0.599118966
1.688015999,0.579806472
1.655042025,1.057732407
1.848070102,2.029467641
0.866986789,1.237931116
0.2859029,2.160577399
2.202612725,1.261237195
0.546785894,-0.229395518
1.444261692,-0.231540715
0.716602667,0.020854479
0.808519268,0.8709952
1.829596939,0.609529204
0.756956638,-0.924452751
1.604798163,1.117310598
0.442382662,0.320273426
0.516418734,2.520245946
0.141696658,1.006636335
1.029531321,0.453712875
1.144755488,0.099756761
0.616520027,1.523017913
0.994755124,1.524970803
1.883155774,1.530440346
0.773626041,1.465141545
0.063774977,0.262030277
1.979965502,-0.032983811
0.460674195,2.459407836
1.090295551,1.508481818
1.160887176,2.124686174
0.453066517,0.898079858
-0.171415689,-0.384102744
0.323714541,1.120719929
0.88943569,0.017973835
-0.16069967,0.513490684
0.344574996,2.805253667
0.637287714,-0.201606137
2.452293961,0.240977397
1.342168561,1.101282221
0.755358547,0.919050215
0.160067247,2.521834606
0.328285376,0.620979236
0.727299012,-1.190229306
2.111413702,0.724691397
1.342478946,2.20443623
1.124745456,-0.033886022
1.079515052,1.836484853
1.446372742,2.80841762
2.255409883,0.032203745
0.292799622,0.612507649
1.205905759,0.308241529
0.089989393,0.499489311
0.122868563,1.176402903
-0.078782508,2.031124189
1.335674968,1.94209206
1.408288037,1.312107391
2.259312092,1.903524558
0.16006499,1.840442287
1.713019292,-0.079242058
0.97273891,0.631910883
1.470196381,-0.539584785
0.501857014,-0.591799797
1.958760052,3.07984978
-0.091274175,1.215238642
1.511585181,-0.840894945
0.868833938,2.235597449
-0.307587482,0.749118218
0.610143423,2.359865885
0.118460866,2.212040061
0.78820141,1.512442859
1.277662041,1.655334734
1.498805122,0.893943979
0.12631677,1.451547811
2.137640243,1.669857561
0.225730852,1.653387393
1.391084323,-0.30368878
0.026741344,-0.435727379
0.143349076,0.305932827
1.169622853,1.693367692
0.566398236,1.404848849
0.574392406,2.673488842
1.293738535,2.275094654
-0.172015859,1.087975634
1.123151174,0.918664638
-0.561621652,-0.024874708
1.662497623,1.575636135
-0.275210144,1.269762968
1.397330254,1.235795888
1.265848362,1.00215224
0.383928795,-0.986031751
-0.113142973,1.407170327
1.583365187,0.01734726
0.139906125,1.950109216
0.069866635,-0.202336989
0.050154291,0.769862054
1.404176621,1.67218423
-0.103770995,0.62547855
2.0052093,0.667667285
1.797699422,1.073524982
1.689627556,0.614415914
2.15179036,0.564401003
1.586924589,1.103863812
1.439095592,0.578644283
0.939982376,0.194496549
1.008649822,2.534375685
2.078577418,1.508123038
0.452285885,1.173683553
2.192587613,0.657070744
1.124721703,-0.610679215
0.841775802,-1.008508916
0.735999719,1.238186218
1.213586024,1.515218172
2.214198384,-0.540249947
0.424096087,1.854755063
1.027458082,-0.029929959
0.951259353,-0.492493039
